{
    "gameTime": 4283.8935546875,
    "HISTORY": [
        5.522602081298828,
        24.997100830078126,
        7.501665115356445,
        38.52118682861328,
        55.542633056640628,
        39.43035888671875,
        1525.7564697265625,
        3.392195224761963,
        4.477665901184082,
        45.4921760559082,
        31.00139045715332,
        109.81867980957031,
        13.426742553710938,
        42.846397399902347,
        11.995701789855957,
        34.25735855102539,
        6.001603603363037,
        18.2050838470459,
        23.5998592376709,
        7.9839253425598148,
        4.283674240112305,
        41.398040771484378,
        26.746191024780275,
        24.344587326049806,
        87.35240936279297,
        59.76451110839844,
        19.771608352661134,
        57.947105407714847,
        48.77915954589844,
        21.36093521118164,
        115.56615447998047,
        212.4918975830078,
        5.518430233001709,
        80.89512634277344,
        29.49413299560547,
        61.71151351928711,
        131.52499389648438,
        15.536776542663575,
        10.665287017822266,
        4.731078147888184,
        8.938467979431153,
        22.23943519592285,
        14.359766960144043,
        12.047985076904297,
        16.229963302612306,
        38.6368408203125,
        31.100296020507814,
        251.98863220214845,
        4.133103847503662,
        8.492718696594239,
        32.61305618286133,
        314.7060241699219,
        14.292325019836426,
        20.821168899536134,
        45.2197265625,
        20.627592086791993,
        33.92886734008789,
        15.274410247802735,
        24.40180778503418,
        33.3845329284668,
        19.66457748413086,
        21.527015686035158,
        31.026836395263673,
        59.53434371948242,
        79.05097961425781
    ]
}