{
    "gameTime": 2769.576416015625,
    "HISTORY": [
        5.522602081298828,
        24.997100830078126,
        7.501665115356445,
        38.52118682861328,
        55.542633056640628,
        39.43035888671875,
        1525.7564697265625,
        3.392195224761963,
        4.477665901184082,
        45.4921760559082,
        31.00139045715332,
        109.81867980957031,
        13.426742553710938,
        42.846397399902347,
        11.995701789855957,
        34.25735855102539,
        6.001603603363037,
        18.2050838470459,
        23.5998592376709,
        7.9839253425598148,
        4.283674240112305,
        41.398040771484378,
        26.746191024780275,
        24.344587326049806,
        87.35240936279297,
        59.76451110839844,
        19.771608352661134,
        57.947105407714847,
        48.77915954589844,
        21.36093521118164,
        115.56615447998047,
        212.4918975830078
    ]
}