{
    "gameTime": 1340.5606689453125,
    "HISTORY": [
        32.862064361572269,
        55.59117889404297,
        218.7021484375,
        15.175328254699707,
        19.96432113647461,
        21.83292007446289,
        24.249813079833986,
        13.691030502319336,
        12.476347923278809,
        15.347224235534668,
        13.691766738891602,
        190.10897827148438,
        8.971607208251954,
        13.474581718444825,
        20.668048858642579,
        146.76719665527345,
        124.53952026367188,
        36.98472595214844,
        88.78348541259766,
        122.10076141357422,
        9.949714660644532,
        12.737001419067383,
        12.993133544921875,
        27.035451889038087,
        13.533820152282715,
        16.274625778198243,
        19.836029052734376,
        32.217735290527347
    ]
}