{
    "gameTime": 25.819721221923829,
    "HISTORY": [
        7.080630302429199,
        18.739089965820314
    ]
}