{
    "gameTime": 15.078401565551758,
    "HISTORY": [
        9.96793270111084,
        5.11046838760376
    ]
}