{
    "gameTime": 2592.283447265625,
    "HISTORY": [
        32.862064361572269,
        55.59117889404297,
        218.7021484375,
        15.175328254699707,
        19.96432113647461,
        21.83292007446289,
        24.249813079833986,
        13.691030502319336,
        12.476347923278809,
        15.347224235534668,
        13.691766738891602,
        190.10897827148438,
        8.971607208251954,
        13.474581718444825,
        20.668048858642579,
        146.76719665527345,
        124.53952026367188,
        36.98472595214844,
        88.78348541259766,
        122.10076141357422,
        9.949714660644532,
        12.737001419067383,
        12.993133544921875,
        27.035451889038087,
        13.533820152282715,
        16.274625778198243,
        19.836029052734376,
        32.217735290527347,
        21.48502540588379,
        13.818432807922364,
        5.630537986755371,
        144.24937438964845,
        118.94682312011719,
        110.291015625,
        18.882219314575197,
        141.82696533203126,
        20.048397064208986,
        28.387048721313478,
        18.134418487548829,
        26.9792423248291,
        14.456634521484375,
        43.07109069824219,
        19.365068435668947,
        39.38045120239258,
        55.34352493286133,
        72.87117004394531,
        31.936370849609376,
        42.68132400512695,
        45.142555236816409,
        19.755340576171876,
        58.113914489746097,
        31.329078674316408,
        31.81819725036621,
        77.77886199951172
    ]
}